,rlf_mean,xgb_mean,lgbm_mean
정확도,0.632205961873457,0.8099761398218536,0.9363902801295216
정밀도,0.6780560076873926,0.8139349240271864,0.9420483321759375
재현율,0.7628824883042241,0.8991435532485467,0.9458624093940917
f1_score,0.6435897727154273,0.8157888441948039,0.93684701621848
정확도_test,0.3256992498631538,0.31809576437252784,0.325616273604642
정밀도_test,0.48050072994479015,0.4577029960405436,0.42192560642851784
재현율_test,0.5736471431323164,0.49897828241106595,0.47659341467463556
f1_score_test,0.30847053397771934,0.3080282625049503,0.29925209341088715
